{
    "$schema": "https://schema.management.azure.com/schemas/2015-01-01/deploymentParameters.json#",
    "contentVersion": "1.0.0.0",
    "parameters": {
        "vmName": {
            "value": "myVM1"
        },
        "nicName": {
            "value": "myVMnic1"
        },
        "vmSize": {
            "value": "Standard_DS1_v2"
        },
        "adminUsername": {
            "value": "TestUser"
        },
        "adminPassword": {
            "value": "TestPa$$w0rd!"
        }
    }
}
